student_id,gender,age,grade_level,attendance_percentage,behavior_score,intervention_type,at_risk
6318,Female,18,11,95,3,Mentorship,1
6491,Female,16,9,74,6,Study Plan,1
8532,Male,18,11,78,8,Tutoring,1
1558,Male,18,12,82,9,Study Plan,1
8834,Female,16,12,91,10,Mentorship,0
7783,Female,17,10,77,2,Study Plan,0
4584,Male,17,10,90,1,Counseling,0
9587,Female,17,10,94,5,Mentorship,0
8186,Male,16,12,98,2,Tutoring,1
1889,Male,16,9,82,3,Tutoring,0
3698,Male,16,9,73,8,Study Plan,0
3390,Male,16,9,72,4,Mentorship,1
5546,Male,18,9,90,3,Mentorship,0
4229,Male,18,10,77,9,Study Plan,1
5505,Female,18,11,92,4,Study Plan,0
8549,Female,16,9,82,1,Counseling,1
4246,Female,16,9,80,10,Tutoring,0
5714,Female,17,11,83,6,Study Plan,1
9266,Female,18,10,77,2,Mentorship,0
5117,Female,17,12,87,7,Mentorship,1
6488,Male,17,9,81,10,Mentorship,1
4262,Female,17,12,85,9,Study Plan,1
3805,Female,18,10,100,4,Study Plan,0
4739,Male,18,10,91,1,Tutoring,1
6079,Female,18,10,93,3,Counseling,1
6590,Female,16,11,93,8,Tutoring,0
1942,Male,18,9,90,1,Tutoring,0
2095,Male,17,10,75,2,Mentorship,0
4065,Male,16,9,79,2,Mentorship,0
5542,Female,16,11,96,10,Tutoring,1
6422,Male,16,11,96,9,Mentorship,1
2180,Male,18,11,74,3,Tutoring,0
3389,Male,16,11,85,4,Study Plan,0
5861,Male,17,11,97,9,Counseling,0
8361,Male,18,9,74,5,Study Plan,0
8149,Male,16,11,70,8,Study Plan,0
6918,Female,16,12,93,1,Counseling,0
5194,Female,18,9,72,6,Mentorship,1
8859,Female,18,10,85,6,Tutoring,0
9848,Male,16,11,71,8,Counseling,1
8066,Female,18,11,80,10,Mentorship,1
2021,Female,16,10,81,10,Counseling,1
2739,Female,16,11,74,5,Study Plan,1
1196,Female,16,12,93,9,Study Plan,0
9229,Female,18,11,89,10,Counseling,1
3607,Female,16,12,82,3,Study Plan,1
8994,Female,16,9,82,4,Mentorship,0
8139,Female,18,9,88,3,Counseling,1
3764,Female,18,11,88,5,Counseling,0
2229,Male,18,10,97,5,Mentorship,1
5179,Male,17,9,74,5,Study Plan,0
6844,Male,16,10,70,7,Tutoring,0
1342,Male,18,9,97,1,Mentorship,1
7739,Male,18,12,96,5,Study Plan,0
6766,Female,18,9,91,2,Study Plan,0
7230,Female,18,9,74,4,Tutoring,1
2002,Female,16,10,85,10,Study Plan,0
9525,Female,16,12,77,6,Tutoring,0
3219,Male,17,10,73,5,Counseling,0
9464,Female,18,9,96,4,Study Plan,1
3867,Male,17,9,86,7,Tutoring,0
7000,Female,17,9,77,3,Tutoring,0
9154,Female,17,12,99,8,Counseling,0
3628,Male,16,10,71,2,Tutoring,1
9442,Male,18,10,73,3,Study Plan,1
7862,Male,17,10,76,4,Study Plan,0
1334,Female,18,10,98,3,Tutoring,0
9693,Female,18,12,100,4,Tutoring,0
2302,Male,18,12,98,7,Tutoring,0
4026,Male,18,12,70,3,Study Plan,1
9354,Male,16,12,88,3,Mentorship,1
5373,Female,17,10,84,9,Mentorship,1
1152,Male,18,10,86,8,Tutoring,0
1155,Female,17,9,78,6,Study Plan,0
5792,Male,16,11,99,2,Mentorship,0
5371,Female,18,9,88,5,Counseling,1
1905,Male,18,12,79,2,Study Plan,0
7318,Male,16,11,84,8,Mentorship,1
3332,Female,16,10,98,3,Tutoring,1
2718,Male,18,10,93,7,Study Plan,1
4592,Male,17,10,87,1,Counseling,1
7969,Female,16,12,81,1,Tutoring,1
4409,Female,16,10,86,9,Tutoring,1
4107,Male,16,9,77,8,Tutoring,1
7395,Male,18,12,97,8,Study Plan,1
5713,Female,17,9,76,7,Study Plan,1
2561,Female,16,12,78,7,Study Plan,0
2353,Female,18,11,74,8,Counseling,1
4197,Female,16,12,76,9,Study Plan,1
4159,Male,16,10,70,5,Tutoring,0
8231,Female,17,12,76,3,Mentorship,1
5341,Male,16,12,79,4,Study Plan,1
6319,Female,16,12,97,7,Mentorship,1
7341,Female,16,12,78,3,Tutoring,0
6072,Female,17,9,76,5,Study Plan,0
1309,Female,18,11,87,8,Counseling,1
4051,Male,18,9,75,4,Tutoring,1
3175,Male,18,11,98,3,Tutoring,0
6776,Male,16,11,89,7,Study Plan,0
9340,Male,17,10,81,3,Counseling,1
1132,Male,18,12,80,4,Counseling,1
8643,Female,16,9,96,3,Tutoring,1
3756,Female,16,9,83,3,Counseling,1
1855,Female,17,9,83,6,Tutoring,1
8681,Male,16,12,95,3,Study Plan,0
8750,Female,16,11,91,2,Counseling,0
8855,Male,17,9,88,9,Counseling,1
6587,Female,17,11,78,2,Study Plan,0
6676,Female,17,10,73,9,Mentorship,1
1443,Male,18,11,75,9,Mentorship,0
6175,Male,16,11,93,1,Mentorship,0
8344,Female,17,11,80,3,Tutoring,1
6173,Male,18,10,75,1,Tutoring,0
8922,Female,16,9,98,7,Mentorship,1
2874,Male,16,12,94,8,Tutoring,0
8491,Male,16,12,86,7,Tutoring,1
5834,Male,16,12,80,9,Counseling,0
7474,Female,18,9,90,1,Counseling,0
4681,Female,17,11,73,1,Study Plan,1
2339,Male,17,11,79,6,Mentorship,1
6747,Female,18,11,95,1,Counseling,0
1134,Female,16,9,71,10,Mentorship,1
4277,Male,16,11,97,6,Study Plan,0
6457,Female,17,9,85,2,Counseling,0
8508,Male,18,10,82,8,Study Plan,1
5449,Male,18,11,79,1,Mentorship,1
4168,Female,16,12,86,3,Mentorship,1
3676,Female,16,12,94,4,Counseling,1
2946,Female,18,9,99,2,Counseling,0
9478,Female,16,9,98,7,Study Plan,0
3126,Male,16,12,93,10,Counseling,0
9899,Male,17,12,82,9,Study Plan,1
1361,Female,17,10,87,1,Study Plan,1
8595,Male,17,9,97,1,Counseling,0
9765,Male,17,9,96,1,Tutoring,1
4479,Female,17,12,100,10,Mentorship,1
4069,Female,17,11,88,2,Study Plan,1
8800,Male,18,10,83,7,Study Plan,1
5854,Female,18,10,85,1,Tutoring,0
5593,Female,17,12,90,1,Tutoring,1
8399,Female,17,9,71,9,Counseling,1
7992,Female,16,10,89,6,Tutoring,1
3995,Female,17,11,84,8,Tutoring,1
7717,Female,17,9,70,8,Mentorship,1
1833,Male,16,9,88,2,Mentorship,1
9910,Male,18,10,77,6,Mentorship,1
6025,Male,17,9,81,3,Study Plan,1
8269,Male,16,9,99,2,Counseling,0
8560,Female,17,10,90,4,Mentorship,0
8424,Female,16,9,99,6,Study Plan,1
8640,Female,18,12,73,4,Tutoring,0
1300,Female,18,11,82,10,Mentorship,0
8472,Female,16,10,70,10,Mentorship,0
3150,Male,18,12,74,10,Mentorship,1
2568,Male,17,11,96,7,Study Plan,1
7856,Male,18,10,83,9,Counseling,1
2677,Male,16,11,78,8,Tutoring,1
7684,Female,17,9,92,4,Counseling,1
4114,Female,17,9,93,7,Counseling,0
1613,Male,16,10,94,1,Study Plan,1
9139,Female,17,11,99,6,Mentorship,0
2099,Male,16,10,73,1,Counseling,1
6521,Female,16,10,73,4,Mentorship,1
9313,Male,17,11,77,7,Tutoring,0
6320,Female,18,10,72,9,Study Plan,0
2501,Male,18,10,81,2,Mentorship,1
6309,Male,18,11,90,1,Mentorship,0
1230,Female,17,11,95,3,Tutoring,0
6775,Male,17,10,93,8,Mentorship,0
3424,Female,16,12,87,10,Counseling,1
4729,Female,18,11,91,2,Counseling,1
3231,Male,16,12,93,9,Study Plan,0
3462,Female,16,9,91,7,Study Plan,1
8467,Female,17,11,72,5,Mentorship,0
5238,Male,17,9,100,3,Tutoring,1
8620,Female,16,11,89,9,Tutoring,1
1306,Male,17,9,98,9,Mentorship,0
3431,Female,16,9,84,7,Tutoring,1
6907,Male,17,11,80,2,Tutoring,0
3261,Female,16,10,72,3,Mentorship,1
4084,Female,17,11,99,9,Study Plan,0
5490,Female,16,11,99,9,Counseling,0
1219,Male,18,11,71,2,Study Plan,1
1552,Female,17,11,89,5,Tutoring,1
7640,Female,16,11,97,3,Study Plan,0
7163,Female,18,11,90,7,Counseling,0
3487,Female,17,11,93,3,Counseling,0
9102,Female,17,12,78,5,Study Plan,1
8325,Male,16,10,79,10,Study Plan,1
7462,Female,17,10,91,6,Counseling,1
9754,Male,17,11,85,3,Counseling,0
1305,Female,16,9,84,2,Study Plan,0
6812,Male,16,12,80,6,Mentorship,1
5401,Male,16,11,88,4,Counseling,0
9867,Male,17,10,83,2,Counseling,1
2369,Female,18,12,96,10,Counseling,0
5264,Female,18,12,89,4,Tutoring,1
3824,Male,17,9,81,2,Tutoring,0
1177,Male,16,10,90,1,Tutoring,1
8323,Female,17,12,80,3,Tutoring,0
5623,Male,16,10,76,10,Mentorship,0
6706,Female,16,9,73,1,Mentorship,0
4521,Male,18,9,95,4,Tutoring,0
3167,Male,17,9,81,7,Study Plan,0
1115,Male,16,10,76,8,Study Plan,1
2655,Female,16,12,71,7,Study Plan,1
5049,Female,17,10,85,7,Counseling,0
6145,Female,16,11,81,9,Tutoring,1
5214,Male,17,12,92,9,Study Plan,1
2384,Female,16,9,75,7,Mentorship,0
1438,Female,18,9,98,1,Study Plan,0
4558,Female,17,12,88,4,Tutoring,1
4557,Male,17,9,97,6,Mentorship,0
2735,Female,17,9,75,7,Tutoring,1
1421,Female,18,9,78,6,Counseling,1
2163,Male,16,11,74,6,Tutoring,0
8167,Male,16,10,93,10,Counseling,0
8209,Female,18,9,92,2,Tutoring,0
5237,Male,17,10,92,4,Tutoring,1
8228,Female,16,9,84,5,Study Plan,1
4265,Male,18,10,71,7,Tutoring,1
3410,Female,18,10,86,7,Tutoring,1
3386,Female,17,12,99,3,Study Plan,1
9164,Female,18,12,83,4,Counseling,1
2634,Female,18,10,75,6,Mentorship,1
5029,Female,18,11,97,9,Tutoring,1
9466,Female,16,11,91,8,Study Plan,1
3330,Female,18,11,85,9,Tutoring,0
3870,Male,18,9,82,6,Mentorship,1
7473,Female,17,10,77,7,Study Plan,1
4654,Male,17,9,75,2,Mentorship,0
9695,Male,17,9,88,4,Tutoring,0
8358,Male,16,10,75,7,Study Plan,0
2286,Male,17,10,82,5,Tutoring,1
7020,Male,16,10,86,1,Mentorship,1
3106,Male,18,9,70,6,Mentorship,1
9949,Female,18,9,80,2,Study Plan,0
8331,Male,16,10,100,10,Counseling,0
2437,Male,16,10,89,9,Mentorship,1
3468,Male,18,9,90,6,Mentorship,1
5979,Female,18,9,83,5,Mentorship,0
8172,Female,17,10,94,2,Tutoring,1
7391,Male,17,10,70,7,Study Plan,1
9309,Female,18,10,91,8,Study Plan,1
4050,Male,16,9,86,1,Mentorship,1
1101,Female,16,12,98,3,Counseling,0
5019,Female,16,9,73,1,Study Plan,0
7515,Male,16,10,72,2,Study Plan,0
4362,Male,16,10,78,8,Tutoring,0
3054,Female,18,11,98,1,Study Plan,1
8605,Female,16,10,80,2,Counseling,1
6593,Male,18,9,79,6,Counseling,1
5858,Female,18,11,99,5,Mentorship,0
6579,Male,16,12,93,10,Tutoring,0
4480,Male,18,11,90,3,Counseling,1
7203,Male,16,11,85,8,Counseling,1
3539,Male,18,11,82,7,Mentorship,0
3715,Male,17,9,72,10,Tutoring,0
5952,Female,18,12,76,1,Study Plan,0
5855,Female,16,9,97,5,Tutoring,1
6127,Male,16,12,91,3,Tutoring,0
1230,Female,18,12,76,3,Study Plan,0
6868,Female,18,11,81,4,Counseling,1
9026,Male,16,11,89,10,Study Plan,0
4509,Female,18,10,76,2,Study Plan,0
4934,Male,18,9,96,2,Counseling,1
1283,Female,16,10,81,3,Tutoring,0
2370,Male,18,9,98,9,Study Plan,0
8361,Female,18,12,72,10,Mentorship,1
6619,Female,18,11,75,4,Counseling,0
9650,Male,18,11,88,1,Tutoring,0
9613,Male,17,11,97,4,Mentorship,1
9901,Male,16,9,97,6,Tutoring,0
5735,Female,16,9,94,4,Tutoring,1
6863,Female,18,11,78,10,Counseling,1
6356,Male,16,11,91,4,Mentorship,1
4632,Male,16,10,87,3,Counseling,1
5374,Male,18,9,93,5,Counseling,1
8830,Female,16,11,88,3,Mentorship,1
5510,Male,17,12,93,6,Mentorship,1
2374,Male,17,12,86,2,Mentorship,0
2796,Female,18,9,88,3,Counseling,1
8615,Female,17,12,77,4,Tutoring,1
7716,Female,18,11,85,7,Tutoring,0
1858,Female,16,10,82,8,Study Plan,0
8866,Female,17,11,85,4,Tutoring,1
3999,Female,16,9,82,2,Study Plan,0
5850,Male,18,10,77,8,Counseling,1
9460,Male,18,9,96,3,Mentorship,1
2876,Male,18,12,83,8,Tutoring,1
4003,Male,16,10,88,1,Tutoring,1
4889,Male,17,10,80,7,Counseling,0
2551,Male,18,12,87,1,Tutoring,0
8059,Female,17,9,95,2,Tutoring,1
2259,Female,18,11,98,7,Tutoring,0
2169,Male,17,11,81,7,Study Plan,0
9831,Male,17,11,86,5,Tutoring,1
4735,Female,17,11,87,6,Counseling,0
6223,Female,17,11,70,5,Mentorship,0
6821,Male,18,12,77,9,Mentorship,1
9781,Male,18,11,84,4,Counseling,0
4507,Female,16,11,93,7,Mentorship,0
9438,Male,18,12,100,9,Tutoring,0
1669,Male,17,10,86,4,Study Plan,1
9971,Female,16,11,73,1,Mentorship,1
7884,Female,16,10,98,8,Counseling,1
7785,Female,17,10,78,2,Counseling,0
8901,Male,16,12,83,3,Counseling,1
3862,Male,18,12,79,10,Study Plan,1
8055,Female,17,11,91,5,Study Plan,0
2265,Female,16,12,74,5,Counseling,0
6697,Male,17,9,79,2,Mentorship,0
9330,Male,17,12,96,5,Counseling,0
7021,Male,18,10,93,8,Tutoring,1
8551,Female,18,10,98,1,Tutoring,0
2935,Female,17,12,86,8,Study Plan,1
4015,Female,16,9,82,3,Tutoring,1
8038,Female,18,9,74,1,Mentorship,1
4064,Male,16,11,89,6,Study Plan,1
7037,Male,16,10,72,10,Tutoring,1
4544,Male,17,11,75,5,Tutoring,1
7353,Male,18,12,78,5,Study Plan,0
6696,Male,16,12,84,4,Counseling,0
4179,Female,16,10,83,6,Counseling,1
6371,Female,17,9,91,8,Tutoring,1
1317,Male,17,9,80,10,Counseling,0
4909,Male,18,10,85,1,Tutoring,1
6019,Male,17,10,82,10,Counseling,1
2881,Male,16,12,77,7,Study Plan,1
7793,Male,18,9,83,6,Counseling,0
3193,Male,18,12,84,2,Tutoring,1
5092,Female,16,12,87,3,Study Plan,0
6467,Female,18,12,71,8,Study Plan,0
8818,Male,17,9,97,2,Study Plan,0
8864,Male,16,9,81,4,Counseling,0
8163,Male,18,12,98,8,Study Plan,1
9819,Female,17,9,98,4,Mentorship,0
6233,Male,17,12,74,4,Study Plan,1
9273,Female,17,11,81,9,Counseling,1
3376,Female,18,10,71,10,Study Plan,0
8417,Male,18,11,72,7,Study Plan,0
5440,Male,17,12,88,6,Counseling,1
6172,Female,18,9,94,3,Counseling,0
1877,Female,17,10,92,7,Tutoring,1
1134,Female,18,9,100,1,Study Plan,0
3552,Male,17,11,91,8,Mentorship,0
3372,Female,16,9,93,4,Tutoring,0
9772,Female,16,11,94,2,Mentorship,1
4781,Male,17,12,100,9,Mentorship,0
3953,Male,17,12,96,6,Mentorship,0
5788,Male,18,12,70,1,Tutoring,0
3823,Male,16,11,77,7,Mentorship,1
2522,Male,17,9,89,3,Study Plan,1
5940,Male,17,10,76,5,Counseling,1
6215,Male,18,11,82,3,Study Plan,0
3073,Female,16,9,70,2,Counseling,1
9349,Female,16,12,94,9,Counseling,0
9954,Male,17,12,91,6,Study Plan,0
1722,Male,18,11,71,10,Counseling,0
7647,Female,16,12,79,1,Counseling,0
2920,Male,18,9,79,5,Tutoring,0
1451,Male,18,10,86,5,Study Plan,1
8493,Male,16,11,81,3,Mentorship,1
3892,Female,16,11,82,1,Study Plan,0
5533,Female,17,11,97,1,Mentorship,0
1113,Female,18,11,92,2,Counseling,0
4309,Female,18,12,82,1,Mentorship,0
1436,Female,18,11,71,8,Mentorship,0
6487,Male,16,11,91,1,Mentorship,0
1434,Male,18,10,87,9,Tutoring,1
1098,Male,18,10,73,6,Counseling,0
6425,Male,18,12,82,5,Counseling,0
3309,Male,17,11,83,1,Tutoring,1
6679,Female,16,12,75,6,Counseling,0
7998,Male,17,12,83,2,Mentorship,0
9287,Female,17,9,74,6,Tutoring,1
2377,Male,18,11,76,1,Mentorship,0
6967,Male,18,12,100,8,Counseling,0
8967,Female,16,10,94,1,Study Plan,0
4041,Female,16,9,93,6,Mentorship,1
3686,Female,17,11,78,9,Counseling,1
1057,Female,16,11,83,8,Study Plan,0
6015,Female,16,12,91,8,Mentorship,0
3299,Female,16,11,99,1,Mentorship,1
1877,Female,17,10,90,1,Tutoring,1
6134,Male,17,9,77,10,Tutoring,1
2035,Male,17,9,92,2,Tutoring,0
5833,Male,18,9,82,9,Counseling,1
1254,Male,17,9,83,3,Study Plan,0
3870,Male,18,11,81,4,Tutoring,1
6440,Female,17,10,88,2,Mentorship,0
6735,Female,17,10,95,1,Tutoring,0
8098,Female,18,10,79,8,Counseling,0
6598,Female,18,9,80,7,Counseling,0
1622,Male,18,9,76,7,Counseling,1
4984,Male,17,12,95,7,Mentorship,0
5361,Female,16,11,96,4,Study Plan,1
5082,Female,17,10,75,6,Counseling,0
8761,Male,16,12,84,2,Mentorship,0
6845,Female,16,12,84,6,Tutoring,0
8472,Male,18,9,84,2,Study Plan,0
5527,Female,16,11,73,5,Study Plan,0
9191,Female,16,11,76,8,Counseling,0
4941,Female,17,11,73,10,Mentorship,0
3324,Female,17,10,96,6,Mentorship,1
2675,Female,16,11,71,3,Tutoring,0
3914,Female,17,12,96,2,Counseling,1
3193,Male,17,11,97,2,Counseling,0
9274,Female,16,12,98,10,Tutoring,1
7068,Male,16,10,93,2,Tutoring,1
3702,Female,18,11,78,10,Tutoring,1
3110,Female,16,10,72,8,Tutoring,0
7550,Female,18,11,93,5,Mentorship,0
1146,Female,17,9,73,9,Counseling,1
4232,Male,17,11,70,4,Study Plan,1
5034,Female,17,9,79,3,Study Plan,0
1192,Male,16,11,93,1,Tutoring,0
4072,Female,16,9,77,9,Study Plan,0
4555,Female,18,10,76,9,Counseling,1
5020,Male,18,11,84,6,Mentorship,1
5652,Female,16,12,71,10,Tutoring,1
6960,Female,17,12,88,6,Tutoring,0
7903,Male,17,11,92,9,Tutoring,0
2953,Female,18,12,72,10,Tutoring,1
9456,Male,17,10,80,3,Counseling,0
5808,Male,18,10,98,3,Study Plan,1
1768,Female,16,10,99,7,Tutoring,0
9770,Male,17,11,83,6,Tutoring,1
6167,Female,17,10,79,7,Mentorship,1
8991,Male,16,12,74,1,Study Plan,1
9615,Male,18,11,99,1,Study Plan,1
5876,Male,18,9,90,5,Study Plan,0
6264,Female,18,12,95,9,Counseling,0
3683,Female,16,9,98,4,Counseling,1
3855,Male,16,11,99,4,Study Plan,0
7998,Female,17,11,84,2,Mentorship,1
8603,Male,17,10,94,10,Mentorship,0
6585,Male,17,10,84,4,Study Plan,0
2405,Male,16,11,88,1,Study Plan,0
3709,Female,17,12,71,2,Tutoring,0
5632,Male,18,9,72,4,Counseling,0
1459,Male,18,11,89,1,Counseling,0
7210,Female,17,10,84,2,Tutoring,1
8793,Male,17,10,84,5,Study Plan,1
6784,Male,18,10,72,4,Study Plan,0
5664,Male,17,11,90,9,Counseling,1
7338,Female,16,11,74,10,Tutoring,1
4330,Female,17,9,70,1,Study Plan,1
5623,Female,16,10,74,8,Tutoring,1
2577,Male,17,12,86,1,Tutoring,1
1514,Female,18,10,75,5,Mentorship,0
9717,Male,18,12,70,9,Counseling,0
6146,Female,18,10,92,3,Mentorship,1
9802,Male,17,11,72,8,Counseling,0
3817,Female,17,12,82,3,Mentorship,1
3441,Female,18,9,72,2,Study Plan,0
9057,Male,17,12,80,1,Counseling,0
7245,Female,17,12,92,1,Counseling,0
5598,Male,18,12,98,5,Study Plan,1
3636,Female,17,12,100,1,Tutoring,0
8516,Male,16,9,97,1,Counseling,0
2063,Female,18,12,87,4,Study Plan,0
6348,Female,17,10,70,7,Tutoring,0
9885,Female,18,12,82,7,Study Plan,0
2201,Male,18,10,72,9,Counseling,0
4950,Male,17,10,75,6,Counseling,1
4546,Female,16,9,92,2,Study Plan,0
7059,Female,17,11,75,2,Tutoring,1
3839,Female,18,11,92,9,Mentorship,1
7786,Female,18,10,75,3,Mentorship,1
4820,Female,16,12,85,8,Mentorship,0
5028,Female,17,11,88,4,Tutoring,0
1412,Male,17,9,99,6,Tutoring,1
2715,Male,18,10,100,8,Tutoring,0
2579,Male,17,12,100,4,Tutoring,0
3474,Female,17,9,89,2,Study Plan,1
4793,Male,17,11,72,5,Counseling,0
1305,Male,18,11,93,9,Mentorship,1
5238,Male,18,12,84,2,Study Plan,0
9095,Female,16,11,99,5,Study Plan,1
5753,Female,18,12,94,6,Counseling,0
8554,Female,16,9,89,2,Counseling,1
1440,Male,18,12,76,9,Tutoring,0
8095,Female,16,9,71,3,Counseling,1
7326,Male,16,12,81,2,Tutoring,0
3171,Female,18,10,86,10,Mentorship,1
8545,Male,17,11,81,5,Tutoring,0
2091,Male,17,11,88,5,Mentorship,0
2598,Male,16,10,71,1,Tutoring,1
2951,Female,18,11,90,3,Tutoring,0
8169,Female,18,9,76,2,Mentorship,0
6397,Male,18,11,94,2,Counseling,1
3708,Female,17,12,99,2,Tutoring,0
4953,Male,17,10,93,4,Mentorship,1
2250,Female,17,9,86,2,Counseling,1
8401,Male,16,12,91,4,Mentorship,1
8286,Female,16,9,99,9,Counseling,1
2578,Female,18,9,89,8,Tutoring,1
4301,Female,16,12,84,4,Mentorship,1
5176,Male,17,10,98,9,Mentorship,1
6847,Female,17,12,79,4,Counseling,0
6329,Male,18,9,99,1,Study Plan,0
1320,Female,18,11,87,5,Mentorship,0
3984,Male,17,10,89,2,Mentorship,1
6099,Female,16,9,88,8,Counseling,1
7125,Female,16,9,88,9,Tutoring,1
1595,Male,16,11,70,6,Counseling,0
2800,Male,17,10,76,4,Mentorship,0
9894,Male,18,12,100,3,Study Plan,1
7620,Female,17,10,71,9,Mentorship,1
9014,Male,18,12,71,5,Study Plan,0
1834,Male,17,12,73,2,Mentorship,0
8669,Female,17,12,97,7,Study Plan,0
9285,Male,16,11,79,3,Study Plan,0
5064,Female,18,12,93,9,Mentorship,0
7917,Female,16,12,79,7,Mentorship,1
2977,Male,18,11,90,6,Tutoring,1
8859,Male,18,9,80,10,Study Plan,0
8857,Female,18,10,77,8,Mentorship,1
3183,Male,16,12,97,7,Tutoring,1
6370,Male,17,11,73,10,Tutoring,1
8237,Male,17,10,83,9,Study Plan,1
8896,Male,16,9,88,3,Counseling,1
6810,Male,16,10,92,8,Mentorship,1
9959,Male,17,10,87,5,Counseling,0
4504,Female,17,11,74,8,Mentorship,0
7731,Male,16,10,85,1,Study Plan,0
4375,Male,17,10,70,1,Study Plan,0
5128,Female,18,11,92,10,Mentorship,0
9415,Female,17,10,83,5,Counseling,0
4563,Male,16,11,98,10,Study Plan,0
2698,Male,16,9,78,7,Tutoring,0
6040,Male,17,12,97,4,Counseling,0
5485,Male,17,9,81,10,Study Plan,1
3005,Male,16,11,84,3,Study Plan,1
3108,Male,17,12,81,1,Study Plan,0
8155,Female,16,10,72,10,Mentorship,0
3366,Male,16,9,76,10,Mentorship,1
5035,Female,17,10,88,3,Tutoring,0
4940,Female,17,10,98,1,Study Plan,0
9071,Male,18,12,73,8,Study Plan,0
1433,Male,17,9,99,3,Counseling,0
3263,Male,17,11,87,3,Study Plan,1
9736,Female,18,12,94,10,Mentorship,1
3166,Male,17,10,77,1,Tutoring,1
3710,Male,17,11,97,4,Mentorship,1
1797,Male,18,9,96,5,Tutoring,0
4077,Male,18,11,81,5,Study Plan,1
9323,Female,16,12,80,5,Counseling,0
1290,Female,17,12,71,7,Counseling,0
5643,Female,18,10,84,2,Mentorship,1
5992,Female,17,10,73,1,Study Plan,1
2537,Male,16,11,72,1,Tutoring,1
1097,Female,17,10,90,7,Tutoring,0
1123,Female,16,12,79,9,Mentorship,0
4920,Female,17,9,88,8,Tutoring,1
5755,Male,16,10,84,7,Mentorship,1
8450,Male,18,10,76,7,Study Plan,1
1788,Male,17,10,86,10,Tutoring,1
4837,Male,16,12,73,8,Study Plan,0
6514,Male,16,9,88,7,Counseling,0
2542,Male,18,11,75,7,Mentorship,1
6145,Female,16,10,78,8,Counseling,0
7408,Female,18,12,71,1,Mentorship,0
2667,Female,18,9,100,2,Mentorship,1
4155,Male,16,12,73,1,Mentorship,0
2717,Male,16,12,86,5,Tutoring,0
4007,Female,16,12,85,5,Mentorship,0
5018,Male,16,10,83,2,Mentorship,0
4856,Female,17,12,100,10,Mentorship,0
6725,Female,17,12,80,8,Counseling,1
8052,Female,17,10,84,3,Study Plan,0
8644,Female,16,12,83,3,Counseling,0
4586,Female,18,12,95,6,Study Plan,1
7170,Female,18,11,74,2,Tutoring,1
5322,Female,18,11,78,5,Mentorship,1
7420,Female,18,12,88,2,Mentorship,1
7615,Female,16,9,76,7,Counseling,0
8738,Female,17,11,79,4,Mentorship,0
7045,Male,18,11,82,3,Study Plan,0
3709,Male,16,11,84,10,Study Plan,0
8189,Male,17,10,90,10,Study Plan,1
8293,Male,17,12,76,9,Mentorship,0
2373,Male,17,10,96,6,Counseling,1
4352,Female,17,11,72,4,Study Plan,1
9966,Male,17,12,87,1,Study Plan,1
7563,Female,18,12,88,2,Counseling,1
9581,Male,16,11,79,5,Mentorship,0
3742,Female,17,9,73,9,Mentorship,1
4798,Female,18,11,95,10,Counseling,0
2424,Male,18,9,73,9,Tutoring,0
7930,Female,16,9,82,2,Mentorship,1
3945,Male,18,9,84,3,Counseling,1
4610,Female,16,12,93,8,Mentorship,1
7171,Female,16,9,90,6,Counseling,0
7858,Male,18,11,72,4,Mentorship,1
2441,Male,17,12,73,5,Study Plan,1
2464,Female,17,9,94,6,Mentorship,1
2200,Female,16,12,87,10,Study Plan,1
2554,Male,16,12,97,5,Counseling,1
6966,Male,18,12,92,5,Tutoring,0
7953,Female,16,12,71,4,Counseling,0
5057,Male,17,11,73,7,Mentorship,1
2716,Male,16,11,76,8,Tutoring,1
4720,Male,18,12,76,4,Mentorship,1
6159,Male,17,10,87,2,Counseling,1
6038,Male,17,12,91,7,Study Plan,1
7241,Female,16,12,85,5,Study Plan,1
7015,Male,17,11,96,5,Counseling,1
9687,Male,18,12,84,1,Study Plan,1
8533,Male,18,11,77,6,Counseling,0
8304,Male,16,12,83,7,Mentorship,0
5346,Male,16,10,70,7,Counseling,0
3967,Female,18,12,74,7,Counseling,1
5385,Female,18,9,78,5,Study Plan,0
9826,Female,16,10,83,4,Study Plan,0
2345,Female,17,11,93,4,Mentorship,0
5633,Male,18,12,85,10,Counseling,1
9326,Female,18,11,98,9,Study Plan,1
9290,Male,17,11,91,5,Tutoring,0
3646,Female,16,10,71,9,Counseling,1
5289,Male,17,11,83,5,Tutoring,0
1391,Male,18,12,70,6,Tutoring,0
3683,Female,18,9,95,9,Tutoring,0
9720,Female,17,11,83,8,Counseling,1
4855,Male,18,10,100,6,Tutoring,1
3076,Male,18,9,78,5,Mentorship,0
5002,Male,16,12,94,5,Mentorship,0
8753,Female,17,10,90,6,Mentorship,0
2238,Male,17,12,89,5,Study Plan,0
1555,Female,17,11,79,4,Study Plan,1
4883,Male,17,10,90,8,Study Plan,0
4377,Female,17,11,88,2,Mentorship,0
7482,Female,17,9,96,3,Counseling,1
7423,Male,18,9,82,2,Mentorship,0
4606,Female,18,11,71,3,Tutoring,0
1901,Female,17,10,88,10,Counseling,1
6291,Male,18,12,92,2,Tutoring,1
5525,Female,18,9,79,9,Study Plan,1
2798,Male,16,9,70,6,Study Plan,0
2789,Female,18,12,88,7,Counseling,0
9691,Female,17,9,87,9,Counseling,1
8313,Female,18,12,85,8,Study Plan,0
2471,Male,16,12,97,3,Counseling,1
4696,Male,18,10,93,6,Study Plan,1
7454,Female,17,9,90,2,Mentorship,1
3738,Male,18,10,85,2,Tutoring,0
1467,Male,18,9,88,7,Counseling,0
1731,Male,18,12,99,10,Study Plan,1
7366,Female,18,12,88,7,Mentorship,1
5769,Female,17,9,99,7,Counseling,1
5550,Male,16,11,90,2,Counseling,0
4511,Male,16,11,100,9,Study Plan,0
3367,Male,16,11,100,7,Mentorship,1
8554,Female,16,9,89,5,Counseling,1
1770,Male,16,11,98,3,Mentorship,1
7687,Male,16,10,86,9,Tutoring,1
2009,Male,16,12,93,7,Study Plan,0
6049,Female,17,12,83,9,Study Plan,1
8515,Female,17,9,87,1,Tutoring,1
8161,Female,17,12,71,4,Counseling,0
1035,Male,18,11,76,8,Counseling,0
5977,Male,18,10,94,8,Study Plan,1
3776,Male,17,9,79,4,Study Plan,1
1558,Female,17,9,83,2,Mentorship,0
5688,Male,17,12,86,10,Mentorship,0
9896,Female,18,10,94,3,Study Plan,0
9644,Male,18,10,78,10,Tutoring,1
3576,Male,18,11,98,8,Counseling,1
5111,Male,17,9,89,2,Tutoring,0
9655,Female,16,10,87,4,Study Plan,1
4346,Male,17,11,80,1,Counseling,0
7784,Male,18,10,97,8,Study Plan,1
7144,Male,18,12,97,2,Mentorship,1
9844,Male,17,9,97,4,Counseling,0
6833,Male,16,9,75,6,Tutoring,1
5829,Female,16,10,85,4,Tutoring,0
7035,Male,18,10,84,2,Study Plan,1
8225,Male,16,10,72,9,Tutoring,1
1840,Male,18,9,88,8,Study Plan,1
3540,Male,17,11,85,1,Tutoring,1
2945,Female,17,9,84,2,Mentorship,1
7379,Male,16,12,79,3,Tutoring,0
6375,Male,18,10,75,3,Mentorship,0
9992,Female,17,9,94,8,Counseling,0
7324,Male,16,11,94,3,Mentorship,1
8067,Female,18,12,98,7,Study Plan,1
9352,Male,16,11,95,2,Mentorship,1
1463,Female,18,12,71,1,Study Plan,0
4853,Male,16,12,74,6,Counseling,1
7069,Male,18,11,77,6,Counseling,1
9959,Male,18,10,78,6,Tutoring,0
5241,Female,17,10,81,2,Study Plan,0
1777,Female,17,12,74,4,Mentorship,0
6744,Female,18,12,96,5,Tutoring,1
1394,Female,17,11,88,10,Study Plan,1
7169,Female,18,10,75,2,Tutoring,0
8069,Female,16,10,72,2,Study Plan,1
2875,Male,17,9,74,7,Tutoring,1
5714,Female,17,11,72,6,Study Plan,1
5188,Male,17,12,81,1,Mentorship,0
8842,Female,16,9,72,2,Mentorship,0
9408,Female,17,11,96,5,Study Plan,0
5727,Female,16,9,74,2,Counseling,0
9202,Male,17,12,82,6,Tutoring,0
6441,Male,18,11,83,8,Counseling,1
5350,Female,18,10,93,4,Mentorship,0
4974,Male,18,10,82,6,Mentorship,1
6019,Male,16,11,72,9,Study Plan,0
7081,Female,18,10,98,10,Study Plan,1
2946,Male,16,11,80,2,Mentorship,1
4059,Male,18,11,93,7,Counseling,1
8460,Female,16,11,95,9,Study Plan,1
2349,Female,18,9,97,5,Study Plan,1
5379,Male,17,12,92,7,Study Plan,0
6085,Female,18,9,76,8,Counseling,1
3457,Female,16,12,89,3,Study Plan,1
3141,Male,17,11,100,8,Counseling,0
6020,Male,17,12,94,4,Counseling,1
3460,Female,18,11,75,1,Tutoring,0
8798,Male,18,10,77,7,Counseling,0
3087,Male,18,9,85,3,Counseling,1
8500,Male,16,9,78,6,Counseling,0
4316,Male,16,12,79,8,Mentorship,1
7784,Female,18,9,71,7,Counseling,1
9402,Female,17,10,82,3,Tutoring,0
1582,Female,18,11,87,1,Counseling,1
3618,Male,17,9,88,2,Mentorship,1
7492,Female,18,12,92,4,Study Plan,1
9210,Male,16,12,84,8,Tutoring,0
4266,Female,17,12,75,5,Study Plan,1
3075,Female,18,12,80,4,Study Plan,1
6192,Female,18,9,97,7,Counseling,0
7975,Female,18,9,91,9,Tutoring,0
4862,Female,18,9,70,5,Counseling,0
8240,Female,17,9,90,2,Counseling,0
5243,Female,18,10,72,9,Study Plan,0
6644,Male,18,10,70,8,Counseling,0
7731,Male,18,10,96,1,Counseling,0
6002,Female,16,10,98,4,Counseling,1
3988,Male,16,10,81,2,Tutoring,1
9181,Male,16,10,95,8,Mentorship,1
4915,Female,18,10,97,10,Tutoring,0
8720,Male,16,12,87,5,Mentorship,0
4204,Male,16,9,98,3,Counseling,0
1350,Male,18,12,84,1,Counseling,0
3207,Female,17,12,93,1,Study Plan,1
4734,Female,18,9,72,8,Counseling,1
5478,Male,18,12,79,5,Tutoring,1
5243,Male,16,12,100,4,Counseling,1
6269,Male,17,9,72,6,Mentorship,0
6105,Male,17,9,85,9,Study Plan,0
7406,Female,16,10,81,5,Tutoring,0
1924,Female,18,12,99,1,Mentorship,0
1803,Male,17,10,83,3,Tutoring,1
3654,Male,17,10,81,4,Counseling,1
2935,Male,17,9,95,2,Mentorship,0
2111,Male,16,10,75,8,Study Plan,1
3230,Female,16,10,93,7,Tutoring,1
8996,Male,18,11,84,8,Study Plan,0
2673,Male,17,10,73,4,Mentorship,1
1650,Male,17,9,74,4,Study Plan,0
1117,Female,18,9,95,2,Tutoring,0
8145,Male,17,10,100,3,Study Plan,0
8135,Female,17,11,79,5,Tutoring,0
1596,Male,17,12,94,9,Tutoring,0
3937,Male,18,9,78,8,Counseling,0
1965,Female,17,12,79,10,Counseling,1
4642,Male,17,10,71,6,Mentorship,0
4619,Male,18,9,89,1,Mentorship,0
2683,Female,16,10,90,2,Tutoring,1
1627,Male,18,9,77,2,Study Plan,0
9963,Male,18,12,82,5,Mentorship,1
5934,Female,18,12,77,8,Tutoring,0
3133,Female,16,12,73,4,Counseling,1
6165,Male,16,10,72,9,Study Plan,1
6211,Male,17,11,70,8,Study Plan,0
3948,Female,18,10,80,10,Tutoring,0
8993,Male,17,12,76,10,Tutoring,1
1526,Female,17,9,94,2,Tutoring,0
4863,Female,16,9,93,9,Counseling,0
7832,Male,16,11,71,8,Study Plan,1
1522,Male,18,11,80,4,Tutoring,0
6629,Female,17,10,74,10,Study Plan,0
2349,Male,16,9,83,3,Study Plan,0
3269,Male,18,11,99,1,Tutoring,0
7924,Female,16,9,76,10,Mentorship,1
8127,Male,16,9,79,10,Study Plan,1
2124,Male,17,9,94,7,Mentorship,0
5464,Male,16,10,75,10,Study Plan,0
6779,Male,18,12,81,10,Study Plan,1
2558,Male,16,11,71,6,Mentorship,0
5374,Female,16,9,94,2,Mentorship,0
8514,Male,18,9,85,7,Study Plan,0
8494,Female,16,12,74,9,Study Plan,1
7637,Male,16,10,88,4,Tutoring,0
9825,Female,16,9,86,7,Tutoring,0
1181,Male,16,9,90,5,Counseling,0
5967,Female,16,10,92,4,Counseling,0
9738,Male,18,9,98,4,Study Plan,1
8226,Male,18,11,73,3,Study Plan,1
6997,Male,17,9,73,3,Mentorship,0
4163,Female,18,10,81,6,Study Plan,1
8310,Female,16,11,72,9,Mentorship,0
6721,Male,18,11,82,10,Mentorship,1
9957,Female,18,10,98,1,Mentorship,0
2095,Female,16,10,79,8,Counseling,1
5402,Male,17,9,93,7,Tutoring,0
8685,Female,16,9,71,4,Study Plan,1
3051,Male,18,9,96,9,Tutoring,0
8870,Male,17,11,77,2,Tutoring,0
2977,Female,16,12,85,6,Counseling,0
5962,Female,18,11,92,8,Mentorship,0
2752,Male,18,9,86,2,Study Plan,1
7414,Female,17,11,72,8,Counseling,0
2251,Male,17,9,97,2,Mentorship,1
1945,Male,18,11,77,7,Mentorship,1
5047,Female,17,9,73,8,Study Plan,1
3262,Female,17,10,86,6,Tutoring,1
6941,Female,16,11,98,10,Tutoring,1
7104,Female,16,11,71,8,Tutoring,1
4939,Female,18,11,93,6,Study Plan,0
9579,Male,16,12,83,6,Counseling,0
2163,Male,17,12,81,4,Mentorship,1
6261,Female,16,12,77,8,Mentorship,1
5743,Male,16,10,83,8,Study Plan,1
5147,Female,18,10,82,4,Tutoring,0
9037,Male,16,11,100,8,Study Plan,1
8872,Male,17,11,80,9,Tutoring,0
1690,Female,18,10,93,5,Study Plan,1
5387,Female,17,11,84,3,Mentorship,0
9531,Male,18,9,98,5,Counseling,1
2187,Male,16,9,83,6,Tutoring,0
5893,Female,18,9,72,2,Mentorship,0
1167,Male,18,10,79,1,Tutoring,1
2954,Male,17,9,76,2,Mentorship,0
3059,Male,18,12,86,7,Mentorship,1
2054,Female,17,12,74,5,Tutoring,1
3119,Female,17,9,82,5,Mentorship,1
5296,Male,18,9,100,7,Study Plan,0
4098,Male,18,10,90,6,Tutoring,1
8911,Female,18,10,81,1,Study Plan,1
5934,Female,17,11,90,6,Tutoring,0
2013,Female,17,9,71,8,Tutoring,0
9753,Female,17,10,82,10,Counseling,0
6742,Male,17,10,94,7,Study Plan,1
4235,Male,17,9,77,9,Tutoring,1
2960,Female,18,10,76,1,Study Plan,1
1187,Female,16,9,87,10,Tutoring,1
5217,Female,17,12,73,5,Counseling,0
5969,Female,18,9,78,8,Study Plan,0
6996,Female,16,11,72,7,Mentorship,1
7747,Male,18,10,99,7,Counseling,1
4652,Male,17,11,100,1,Mentorship,1
9396,Female,16,11,99,8,Mentorship,1
7235,Female,16,9,90,10,Study Plan,0
1286,Male,17,10,95,10,Counseling,1
2311,Female,17,10,76,10,Study Plan,0
9631,Female,16,10,78,8,Tutoring,0
7068,Female,17,11,92,4,Tutoring,0
7787,Female,16,9,77,3,Study Plan,1
5193,Male,17,12,91,8,Mentorship,1
7389,Male,18,10,84,1,Counseling,1
7204,Male,18,11,88,1,Mentorship,0
7429,Female,16,9,88,1,Counseling,1
2424,Male,18,12,78,5,Tutoring,1
2888,Male,18,12,90,6,Study Plan,1
9130,Male,17,12,85,10,Study Plan,0
6612,Male,18,9,88,5,Study Plan,1
7628,Female,16,11,88,1,Mentorship,0
5884,Male,16,10,86,2,Tutoring,1
2806,Female,18,10,96,1,Study Plan,0
3838,Male,16,12,87,1,Counseling,0
7326,Female,18,9,83,6,Tutoring,0
5126,Female,18,12,72,2,Tutoring,1
1428,Female,16,11,91,7,Study Plan,0
5125,Male,16,10,70,5,Tutoring,0
9986,Male,18,10,73,3,Tutoring,0
6421,Female,18,9,93,9,Study Plan,0
2415,Male,18,10,72,7,Mentorship,0
1644,Male,16,12,100,3,Tutoring,0
9561,Female,16,11,79,3,Counseling,0
1674,Male,17,10,82,9,Mentorship,0
3990,Male,17,11,83,9,Tutoring,0
9060,Female,16,11,89,10,Mentorship,1
8910,Male,16,9,99,6,Counseling,0
4486,Male,18,9,90,9,Tutoring,0
2416,Male,16,10,92,1,Study Plan,1
6450,Female,16,9,71,8,Mentorship,0
5878,Male,16,9,95,5,Mentorship,0
9760,Male,18,10,80,10,Mentorship,1
5212,Male,18,12,96,2,Mentorship,0
9735,Female,16,11,94,1,Counseling,0
5945,Female,16,10,99,10,Study Plan,0
7175,Female,16,10,88,6,Study Plan,0
1050,Female,17,9,89,10,Mentorship,1
8844,Male,16,10,85,1,Tutoring,1
1759,Male,16,9,76,7,Mentorship,0
5728,Male,17,12,82,2,Tutoring,1
2708,Female,18,10,90,7,Study Plan,1
3316,Female,18,9,86,1,Tutoring,1
6285,Male,17,9,78,8,Mentorship,1
9708,Male,17,10,89,6,Mentorship,1
7042,Female,16,12,83,4,Study Plan,1
5507,Female,16,11,74,6,Mentorship,1
8222,Male,16,11,88,1,Counseling,0
1237,Female,17,11,97,5,Counseling,1
3588,Male,17,12,96,4,Study Plan,0
8167,Male,17,10,79,4,Counseling,0
1986,Male,18,12,74,9,Mentorship,1
6717,Female,16,10,92,7,Mentorship,0
2803,Male,18,9,96,1,Tutoring,1
6961,Female,16,12,76,10,Tutoring,0
9975,Male,17,10,73,6,Counseling,0
1387,Male,16,10,76,7,Tutoring,1
9317,Female,16,12,77,4,Tutoring,1
6519,Female,17,12,74,9,Counseling,0
5924,Female,18,12,95,1,Tutoring,0
3831,Male,17,10,94,2,Mentorship,0
7492,Male,18,9,90,5,Study Plan,1
7603,Male,18,9,99,7,Study Plan,0
3619,Female,16,12,91,2,Study Plan,0
9056,Male,17,11,76,10,Counseling,1
9724,Male,18,11,84,8,Study Plan,0
4634,Female,17,10,87,10,Study Plan,0
4661,Female,17,10,95,8,Tutoring,1
5268,Female,17,12,71,4,Study Plan,0
1233,Female,16,9,83,1,Study Plan,0
9517,Male,17,12,78,6,Tutoring,1
4610,Male,17,12,93,3,Mentorship,0
3936,Female,17,9,92,10,Tutoring,1
1731,Female,17,10,70,8,Counseling,0
4759,Female,17,9,96,5,Counseling,1
2386,Female,16,12,99,10,Study Plan,1
2961,Male,16,10,79,5,Counseling,1
4836,Male,17,9,81,3,Study Plan,1
9762,Male,16,12,72,10,Counseling,0
9063,Male,18,12,88,8,Tutoring,1
6286,Male,18,12,70,1,Counseling,1
3817,Female,17,11,78,8,Counseling,0
5065,Male,16,9,81,6,Study Plan,1
3730,Female,17,10,75,8,Mentorship,0
5332,Male,17,12,96,1,Study Plan,0
9780,Female,18,10,100,4,Counseling,1
1960,Male,17,10,73,9,Counseling,0
3381,Female,16,10,75,1,Tutoring,0
3164,Male,17,12,85,9,Tutoring,0
7130,Female,18,12,95,8,Tutoring,1
3222,Female,18,11,90,3,Tutoring,0
9318,Male,17,9,89,7,Study Plan,0
5276,Female,16,9,75,2,Counseling,0
9232,Male,16,11,90,10,Study Plan,1
1071,Male,16,9,73,4,Tutoring,0
5918,Male,16,9,99,5,Mentorship,0
8632,Male,16,10,83,1,Counseling,1
3536,Male,18,12,87,2,Mentorship,1
3006,Female,18,11,85,5,Mentorship,0
1965,Female,17,9,86,9,Counseling,1
2111,Male,18,10,97,6,Study Plan,0
6683,Female,18,11,99,10,Mentorship,0
9917,Male,18,12,74,3,Tutoring,0
3809,Male,18,10,86,5,Counseling,0
1937,Female,18,12,81,6,Tutoring,1
9210,Female,17,10,70,6,Counseling,0
9040,Male,16,10,83,1,Study Plan,1
7374,Male,18,12,74,3,Mentorship,1
3886,Male,18,12,76,6,Counseling,1
3538,Female,18,10,75,3,Mentorship,0
8403,Male,18,9,78,5,Counseling,0
4067,Female,17,9,71,10,Study Plan,1
9532,Male,18,11,73,3,Tutoring,0
9829,Male,17,10,90,8,Study Plan,0
6357,Female,17,12,78,4,Mentorship,1
4039,Male,17,11,75,10,Mentorship,0
2735,Male,16,12,73,9,Mentorship,1
4896,Female,18,10,97,3,Tutoring,1
9939,Male,16,12,75,8,Counseling,1
7088,Male,18,12,86,9,Mentorship,0
2790,Male,17,12,77,1,Tutoring,1
4975,Female,17,10,89,2,Mentorship,1
2556,Female,18,11,94,6,Mentorship,0
5333,Female,16,9,75,7,Study Plan,0
7266,Male,17,9,71,6,Study Plan,0
2819,Male,16,9,80,6,Mentorship,1
3840,Male,16,12,95,5,Mentorship,1
1649,Female,16,12,72,1,Study Plan,1
7733,Female,17,12,84,6,Tutoring,0
3330,Male,16,10,71,9,Tutoring,0
4850,Male,17,11,75,2,Counseling,0
6370,Female,18,9,86,7,Mentorship,1
9714,Male,18,11,88,5,Mentorship,0
5669,Male,17,11,93,2,Study Plan,1
1622,Female,16,9,96,2,Tutoring,0
3286,Male,16,9,71,7,Tutoring,0
6257,Female,16,11,71,10,Mentorship,1
3252,Male,16,9,98,1,Tutoring,1
5205,Female,17,12,92,1,Counseling,0
6422,Female,18,9,84,1,Mentorship,1
1731,Male,17,11,95,8,Study Plan,1
7174,Male,17,10,83,6,Study Plan,0
